{"stat.useItem.355":1,"stat.craftItem.61":8,"stat.craftItem.67":240,"stat.leaveGame":1,"stat.mineBlock.14":8,"stat.mineBlock.13":37,"stat.mineBlock.16":210,"stat.mineBlock.15":107,"stat.mineBlock.18":42,"stat.mineBlock.17":1898,"stat.swimOneCm":11813,"tconstruct.pattern":4,"stat.climbOneCm":9116,"achievement.buildWorkBench":2,"achievement.ae2.ChargedQuartz":2,"stat.craftItem.324":1,"stat.craftItem.325":6,"achievement.exploreAllBiomes":{"value":0,"progress":["Magical Forest","Roofed Forest","River"]},"stat.mineBlock.12":112,"stat.craftItem.364":11,"stat.mineBlock.4":7,"stat.mineBlock.5":1,"stat.mineBlock.3":145,"stat.mineBlock.1":1755,"stat.flyOneCm":9106,"achievement.buildPickaxe":8,"stat.craftItem.355":1,"stat.killEntity.Witch":1,"achievement.buildBetterPickaxe":8,"ic2.mineOre":10,"stat.craftItem.300":1,"ic2.acquireRefinedIron":11,"tconstruct.beginner":12,"stat.useItem.324":2,"stat.entityKilledBy.Skeleton":1,"achievement.buildSword":1,"achievement.mineWood":616,"stat.breakItem.271":1,"stat.breakItem.274":6,"achievement.openInventory":271,"stat.craftItem.42":1,"stat.breakItem.273":1,"stat.craftItem.44":72,"achievement.killEnemy":10,"achievement.buildFurnace":15,"stat.craftItem.58":2,"stat.deaths":2,"stat.drop":78,"stat.playOneMinute":442153,"stat.craftItem.50":48,"stat.killEntity.Sheep":3,"stat.craftItem.54":37,"stat.killEntity.Zombie":6,"stat.craftItem.306":1,"stat.diveOneCm":5854,"stat.craftItem.308":1,"stat.useItem.67":144,"stat.useItem.61":8,"stat.breakItem.257":1,"stat.jump":1436,"stat.fallOneCm":17514,"achievement.killCow":1,"stat.craftItem.1":110,"tconstruct.proTinkerer":12,"stat.useItem.44":82,"stat.craftItem.5":1024,"stat.damageTaken":4560,"stat.killEntity.CaveSpider":1,"stat.useItem.54":3,"stat.useItem.50":61,"tconstruct.tinkerer":13,"stat.entityKilledBy.Zombie":1,"stat.damageDealt":5080,"stat.killEntity.Cow":5,"stat.mineBlock.73":40,"stat.useItem.58":3,"stat.useItem.274":800,"stat.craftItem.261":1,"stat.useItem.273":132,"stat.useItem.275":3,"stat.mineBlock.48":164,"stat.craftItem.265":50,"stat.walkOneCm":1279293,"stat.craftItem.267":1,"stat.playerKills":1,"stat.blockChiseled":256,"stat.mineBlock.44":40,"stat.mineBlock.58":3,"stat.craftItem.257":1,"stat.mineBlock.50":36,"stat.craftItem.126":132,"stat.killEntity.Skeleton":2,"stat.useItem.257":262,"stat.killEntity.Chicken":1,"stat.craftItem.280":144,"stat.killEntity.Spider":3,"stat.mobKills":25,"stat.mineBlock.21":7,"stat.craftItem.272":1,"stat.craftItem.273":1,"stat.craftItem.152":45,"stat.craftItem.274":6,"stat.craftItem.275":1,"stat.mineBlock.37":1,"stat.useItem.12":6,"achievement.acquireIron":12,"stat.useItem.267":37,"stat.useItem.4":89,"stat.useItem.5":1,"stat.craftItem.271":1,"stat.useItem.3":9,"stat.useItem.17":141,"stat.mineBlock.31":42,"stat.useItem.272":47,"stat.useItem.271":60}