{"stat.useItem.351":2,"stat.craftItem.102":16,"stat.craftItem.61":2,"stat.craftItem.67":208,"stat.craftItem.65":81,"stat.mineBlock.14":13,"stat.mineBlock.13":240,"stat.mineBlock.16":210,"stat.mineBlock.15":115,"stat.mineBlock.18":182,"stat.mineBlock.17":201,"stat.swimOneCm":29701,"tconstruct.pattern":14,"stat.climbOneCm":13121,"achievement.buildWorkBench":4,"achievement.ae2.ChargedQuartz":2,"achievement.exploreAllBiomes":{"value":0,"progress":["Magical Forest","Roofed Forest","River"]},"stat.mineBlock.12":120,"tconstruct.smelteryMaker":28,"stat.craftItem.366":3,"stat.mineBlock.4":43,"stat.mineBlock.3":857,"stat.mineBlock.1":2225,"achievement.botania:flowerPickup":3,"stat.craftItem.82":44,"stat.flyOneCm":50748,"stat.craftItem.351":3,"achievement.buildPickaxe":27,"stat.killEntity.Witch":1,"achievement.buildBetterPickaxe":25,"ic2.mineOre":2,"stat.breakItem.291":1,"stat.craftItem.20":13,"stat.killEntity.Creeper":4,"tconstruct.beginner":3,"stat.entityKilledBy.Skeleton":1,"achievement.buildSword":1,"achievement.mineWood":233,"stat.breakItem.271":1,"stat.breakItem.274":9,"achievement.openInventory":137,"stat.breakItem.273":6,"stat.breakItem.275":1,"stat.craftItem.44":276,"achievement.killEnemy":31,"achievement.buildFurnace":4,"stat.craftItem.58":2,"stat.deaths":4,"stat.drop":176,"stat.playOneMinute":510653,"stat.craftItem.50":276,"stat.killEntity.Sheep":1,"stat.breakItem.269":1,"stat.craftItem.54":13,"stat.killEntity.Zombie":14,"stat.diveOneCm":37428,"stat.useItem.65":41,"stat.useItem.67":17,"stat.useItem.61":2,"achievement.buildHoe":4,"stat.mineBlock.82":74,"stat.jump":1723,"stat.fallOneCm":28346,"stat.craftItem.291":2,"achievement.killCow":1,"stat.craftItem.1":145,"tconstruct.proTinkerer":2,"stat.useItem.295":30,"stat.useItem.44":291,"stat.craftItem.5":395,"stat.damageTaken":3826,"stat.mineBlock.67":3,"stat.useItem.54":20,"stat.killEntity.CaveSpider":3,"stat.useItem.50":271,"tconstruct.tinkerer":2,"stat.damageDealt":8710,"stat.killEntity.Cow":1,"stat.mineBlock.73":56,"stat.useItem.58":3,"stat.useItem.274":1180,"stat.craftItem.261":1,"stat.useItem.273":929,"stat.craftItem.263":100,"stat.mineBlock.48":12,"stat.useItem.275":237,"stat.walkOneCm":1709836,"stat.craftItem.265":36,"stat.blockChiseled":64,"stat.mineBlock.44":14,"stat.mineBlock.58":3,"stat.craftItem.257":1,"stat.mineBlock.50":11,"stat.craftItem.126":12,"stat.mineBlock.54":11,"stat.useItem.291":147,"stat.mineBlock.56":5,"stat.killEntity.Skeleton":9,"stat.useItem.257":58,"stat.killEntity.Chicken":6,"stat.craftItem.280":468,"stat.craftItem.281":4,"stat.killEntity.Spider":2,"stat.mobKills":43,"stat.craftItem.272":1,"stat.craftItem.273":7,"stat.craftItem.274":9,"stat.mineBlock.37":23,"stat.craftItem.275":2,"stat.mineBlock.39":3,"stat.useItem.269":61,"stat.craftItem.278":1,"stat.useItem.4":169,"stat.craftItem.270":1,"stat.useItem.3":507,"stat.craftItem.269":1,"stat.useItem.17":3,"stat.useItem.270":13,"stat.useItem.391":5,"stat.mineBlock.31":393,"stat.useItem.272":117,"stat.useItem.271":51,"stat.useItem.392":106}