{"stat.craftItem.340":1,"stat.useItem.355":3,"stat.craftItem.102":128,"stat.useItem.116":1,"stat.craftItem.61":8,"stat.craftItem.67":240,"stat.leaveGame":3,"stat.craftItem.336":18,"stat.craftItem.339":3,"stat.mineBlock.14":12,"stat.mineBlock.13":90,"stat.mineBlock.16":273,"stat.mineBlock.15":147,"stat.mineBlock.18":54,"stat.craftItem.331":18,"stat.mineBlock.17":2367,"stat.swimOneCm":40596,"tconstruct.pattern":6,"stat.climbOneCm":72794,"achievement.buildWorkBench":5,"achievement.ae2.ChargedQuartz":2,"stat.craftItem.324":1,"stat.craftItem.325":9,"achievement.exploreAllBiomes":{"value":0,"progress":["Boneyard","Magical Forest","Roofed Forest","Visceral Heap","Undergarden","River","Phantasmagoric Inferno","Extreme Hills","Hell"]},"stat.mineBlock.12":184,"tconstruct.smelteryMaker":23,"stat.craftItem.364":17,"stat.craftItem.85":34,"stat.craftItem.89":16,"stat.mineBlock.4":62,"stat.mineBlock.5":1,"achievement.diamonds":10,"stat.mineBlock.3":471,"stat.mineBlock.1":4307,"achievement.botania:flowerPickup":2,"stat.craftItem.116":1,"stat.flyOneCm":32959,"stat.useItem.102":108,"achievement.buildPickaxe":12,"stat.craftItem.355":2,"stat.killEntity.Witch":1,"stat.useItem.107":1,"achievement.buildBetterPickaxe":12,"achievement.woodenGear":6,"stat.craftItem.107":1,"ic2.mineOre":12,"stat.craftItem.300":1,"stat.craftItem.20":50,"ic2.acquireRefinedIron":11,"tconstruct.beginner":14,"stat.useItem.324":2,"stat.entityKilledBy.Skeleton":1,"achievement.overkill":2,"achievement.buildSword":1,"achievement.mineWood":810,"stat.killEntity.Squid":1,"stat.useItem.87":578,"stat.useItem.89":14,"stat.breakItem.271":1,"stat.useItem.85":25,"stat.breakItem.274":6,"achievement.openInventory":600,"stat.craftItem.42":1,"stat.breakItem.273":1,"stat.craftItem.45":4,"stat.craftItem.44":72,"stat.mineBlock.153":168,"achievement.killEnemy":25,"achievement.buildFurnace":15,"stat.craftItem.58":4,"stat.deaths":2,"stat.drop":238,"stat.playOneMinute":907254,"stat.craftItem.50":148,"stat.killEntity.Sheep":8,"stat.craftItem.54":51,"stat.killEntity.Zombie":10,"stat.craftItem.306":1,"stat.diveOneCm":29343,"stat.craftItem.308":1,"stat.useItem.65":4,"stat.useItem.67":271,"stat.useItem.61":8,"stat.breakItem.257":1,"stat.killEntity.Slime":1,"stat.mineBlock.87":2996,"stat.mineBlock.89":21,"stat.jump":3159,"achievement.stoneGear":5,"stat.fallOneCm":48412,"achievement.killCow":2,"stat.craftItem.1":267,"tconstruct.proTinkerer":67,"stat.mineBlock.99":44,"stat.useItem.44":101,"stat.craftItem.5":1560,"stat.damageTaken":8072,"stat.mineBlock.65":3,"stat.mineBlock.67":7,"stat.useItem.48":3,"stat.useItem.49":22,"stat.killEntity.CaveSpider":1,"stat.useItem.54":19,"stat.useItem.50":193,"tconstruct.tinkerer":80,"stat.entityKilledBy.Zombie":1,"stat.damageDealt":6761,"stat.killEntity.Cow":8,"stat.mineBlock.73":66,"stat.useItem.58":4,"stat.useItem.274":800,"stat.craftItem.261":1,"stat.useItem.273":132,"stat.craftItem.262":16,"stat.useItem.275":3,"stat.mineBlock.48":253,"stat.craftItem.265":95,"stat.walkOneCm":3039971,"stat.craftItem.266":9,"stat.craftItem.267":1,"stat.playerKills":1,"stat.blockChiseled":1335,"achievement.enchantments":2,"stat.craftItem.259":1,"stat.mineBlock.44":64,"stat.mineBlock.58":4,"stat.craftItem.257":1,"stat.mineBlock.102":1,"stat.mineBlock.50":53,"stat.craftItem.126":132,"stat.mineBlock.54":7,"stat.mineBlock.56":12,"stat.killEntity.Skeleton":4,"stat.useItem.257":262,"achievement.portal":12,"stat.useItem.259":44,"stat.killEntity.Chicken":1,"stat.craftItem.280":304,"stat.killEntity.Spider":7,"stat.mobKills":57,"stat.mineBlock.21":7,"stat.craftItem.272":1,"stat.craftItem.393":3,"stat.craftItem.273":1,"stat.craftItem.152":70,"stat.craftItem.274":6,"stat.useItem.6":21,"stat.craftItem.275":1,"stat.mineBlock.37":2,"stat.useItem.12":6,"achievement.acquireIron":12,"stat.useItem.267":114,"stat.craftItem.155":44,"stat.craftItem.278":2,"stat.useItem.4":285,"stat.useItem.5":1,"stat.craftItem.271":1,"stat.useItem.3":81,"stat.useItem.17":272,"stat.useItem.13":10,"stat.mineBlock.31":75,"draconicevolution.dust":187,"stat.useItem.272":47,"stat.useItem.271":60}