{"stat.leaveGame":4,"stat.mineBlock.14":12,"stat.mineBlock.13":90,"stat.mineBlock.16":318,"stat.mineBlock.15":147,"stat.mineBlock.18":64,"stat.killEntity.PigZombie":8,"stat.mineBlock.17":2613,"stat.entityKilledBy.PigZombie":2,"stat.mineBlock.12":187,"tconstruct.smelteryMaker":23,"achievement.diamonds":10,"achievement.botania:flowerPickup":5,"stat.killEntity.Enderman":4,"achievement.buildPickaxe":12,"stat.killEntity.Witch":3,"achievement.buildBetterPickaxe":12,"achievement.woodenGear":6,"achievement.breedCow":1,"tconstruct.beginner":16,"achievement.overkill":13,"achievement.mineWood":1033,"stat.useItem.87":581,"stat.useItem.89":14,"stat.useItem.85":25,"achievement.openInventory":758,"stat.mineBlock.161":5,"stat.mineBlock.162":362,"stat.mineBlock.153":170,"stat.deaths":7,"stat.playOneMinute":1140270,"stat.killEntity.Ghast":1,"stat.fallOneCm":75809,"achievement.killCow":3,"stat.craftItem.1":267,"tconstruct.proTinkerer":70,"stat.craftItem.5":2124,"stat.blockChiseled":1335,"stat.entityKilledBy.Enderman":2,"achievement.portal":17,"stat.useItem.6":29,"achievement.acquireIron":12,"stat.useItem.1":12,"stat.useItem.4":345,"stat.useItem.5":25,"stat.useItem.3":81,"draconicevolution.dust":403,"stat.craftItem.340":1,"stat.useItem.355":3,"stat.craftItem.102":128,"stat.useItem.359":1,"stat.useItem.116":1,"stat.craftItem.61":8,"stat.craftItem.67":240,"stat.craftItem.336":18,"stat.craftItem.339":3,"stat.craftItem.331":18,"stat.swimOneCm":59194,"tconstruct.pattern":6,"stat.climbOneCm":112063,"achievement.buildWorkBench":5,"achievement.ae2.ChargedQuartz":2,"stat.craftItem.324":1,"stat.craftItem.325":9,"achievement.exploreAllBiomes":{"value":0,"progress":["Boneyard","Sunflower Plains","Magical Forest","Roofed Forest","Visceral Heap","Undergarden","Plains","Corrupted Sands","Eerie","River","Phantasmagoric Inferno","Extreme Hills","Hell"]},"stat.craftItem.364":20,"stat.craftItem.366":4,"stat.craftItem.85":34,"stat.craftItem.89":16,"stat.mineBlock.4":68,"stat.mineBlock.5":25,"stat.mineBlock.3":636,"stat.mineBlock.1":4415,"stat.craftItem.116":1,"stat.craftItem.359":1,"stat.flyOneCm":79939,"stat.useItem.102":108,"stat.craftItem.355":2,"stat.useItem.107":1,"stat.craftItem.107":1,"ic2.mineOre":12,"stat.craftItem.300":1,"stat.craftItem.20":108,"ic2.acquireRefinedIron":11,"stat.killEntity.Creeper":4,"stat.useItem.324":2,"stat.entityKilledBy.Skeleton":1,"achievement.buildSword":3,"stat.killEntity.Squid":2,"stat.breakItem.271":1,"stat.breakItem.274":6,"stat.craftItem.42":1,"stat.breakItem.273":1,"stat.craftItem.45":4,"stat.craftItem.44":72,"achievement.killEnemy":104,"achievement.buildFurnace":15,"stat.craftItem.58":4,"stat.drop":616,"stat.craftItem.50":148,"stat.killEntity.Sheep":9,"stat.craftItem.54":51,"stat.killEntity.Zombie":35,"stat.craftItem.306":2,"stat.diveOneCm":40370,"stat.craftItem.307":1,"stat.craftItem.308":2,"stat.craftItem.309":1,"stat.useItem.65":21,"stat.useItem.67":273,"stat.useItem.61":8,"stat.breakItem.257":1,"stat.killEntity.Slime":1,"stat.mineBlock.85":3,"stat.mineBlock.87":3048,"stat.mineBlock.89":46,"stat.jump":4419,"achievement.stoneGear":5,"stat.mineBlock.98":3,"stat.mineBlock.99":47,"stat.useItem.44":101,"stat.damageTaken":22252,"stat.mineBlock.65":16,"stat.mineBlock.67":7,"stat.useItem.48":3,"stat.useItem.49":22,"stat.killEntity.CaveSpider":1,"stat.useItem.54":23,"stat.useItem.50":193,"tconstruct.tinkerer":89,"stat.entityKilledBy.Zombie":1,"stat.damageDealt":20440,"stat.killEntity.Cow":9,"stat.mineBlock.73":66,"stat.useItem.58":4,"stat.useItem.274":800,"stat.craftItem.261":2,"stat.useItem.273":132,"stat.craftItem.262":16,"stat.craftItem.263":139,"stat.useItem.397":7,"stat.useItem.275":3,"stat.mineBlock.48":262,"stat.craftItem.265":149,"stat.walkOneCm":4486190,"stat.craftItem.266":9,"stat.craftItem.267":2,"stat.animalsBred":1,"stat.playerKills":1,"achievement.enchantments":2,"stat.craftItem.259":1,"stat.mineBlock.44":64,"stat.mineBlock.58":4,"stat.craftItem.257":1,"stat.mineBlock.100":9,"stat.mineBlock.102":1,"stat.mineBlock.50":54,"stat.craftItem.126":132,"stat.mineBlock.54":9,"stat.mineBlock.56":12,"stat.killEntity.Skeleton":25,"stat.useItem.257":262,"stat.useItem.259":44,"stat.killEntity.Chicken":5,"stat.craftItem.280":304,"stat.killEntity.Spider":12,"stat.mobKills":146,"stat.mineBlock.21":7,"stat.craftItem.272":1,"stat.craftItem.393":3,"stat.craftItem.273":1,"stat.craftItem.152":70,"stat.craftItem.274":6,"stat.craftItem.275":1,"stat.mineBlock.37":2,"stat.useItem.12":6,"stat.useItem.267":327,"stat.craftItem.155":44,"stat.craftItem.278":2,"stat.craftItem.271":1,"stat.useItem.17":299,"stat.useItem.13":10,"stat.mineBlock.31":140,"stat.useItem.272":55,"stat.useItem.271":60}