{"stat.useItem.351":2,"stat.craftItem.69":1,"stat.craftItem.101":16,"stat.craftItem.102":32,"stat.craftItem.61":2,"stat.craftItem.67":208,"stat.craftItem.65":81,"stat.craftItem.336":4,"stat.mineBlock.14":32,"stat.mineBlock.13":255,"stat.mineBlock.16":344,"stat.mineBlock.15":158,"stat.mineBlock.18":227,"stat.killEntity.PigZombie":3,"stat.mineBlock.17":303,"stat.swimOneCm":51249,"tconstruct.pattern":14,"stat.climbOneCm":231521,"achievement.buildWorkBench":14,"stat.entityKilledBy.PigZombie":3,"achievement.ae2.ChargedQuartz":2,"stat.craftItem.325":1,"achievement.exploreAllBiomes":{"value":0,"progress":["Boneyard","Magical Forest","Roofed Forest","Visceral Heap","Undergarden","River","Plains","Phantasmagoric Inferno","Corrupted Sands","Hell"]},"stat.mineBlock.12":261,"tconstruct.smelteryMaker":28,"stat.craftItem.366":3,"stat.craftItem.85":68,"stat.useItem.338":38,"stat.mineBlock.4":75,"stat.mineBlock.111":1,"stat.mineBlock.5":4,"stat.mineBlock.3":1488,"stat.mineBlock.1":4033,"achievement.botania:flowerPickup":21,"stat.craftItem.82":44,"stat.killEntity.Enderman":2,"stat.craftItem.359":1,"stat.flyOneCm":167707,"stat.craftItem.351":3,"achievement.buildPickaxe":28,"stat.killEntity.Witch":1,"stat.useItem.107":1,"stat.craftItem.98":824,"achievement.buildBetterPickaxe":26,"stat.craftItem.107":1,"ic2.mineOre":8,"stat.breakItem.291":1,"achievement.breedCow":6,"stat.craftItem.20":37,"stat.killEntity.Creeper":5,"tconstruct.beginner":3,"stat.useItem.323":4,"stat.entityKilledBy.Skeleton":1,"stat.craftItem.33":2,"achievement.buildSword":2,"achievement.mineWood":421,"stat.breakItem.271":1,"stat.craftItem.323":6,"stat.useItem.85":51,"stat.breakItem.274":9,"achievement.openInventory":451,"stat.breakItem.273":6,"stat.breakItem.275":1,"stat.craftItem.44":276,"achievement.killEnemy":55,"achievement.buildFurnace":4,"stat.useItem.98":782,"stat.craftItem.58":7,"stat.deaths":16,"stat.drop":625,"stat.playOneMinute":1215201,"stat.craftItem.50":372,"stat.killEntity.Sheep":1,"stat.breakItem.269":1,"stat.craftItem.54":14,"stat.killEntity.Zombie":21,"stat.diveOneCm":70950,"stat.useItem.65":81,"stat.useItem.67":17,"stat.useItem.61":2,"achievement.buildHoe":4,"stat.breakItem.257":1,"stat.killEntity.Slime":1,"stat.mineBlock.82":74,"stat.mineBlock.85":1,"stat.mineBlock.87":17,"stat.useItem.69":1,"stat.jump":4459,"stat.fallOneCm":118858,"stat.craftItem.291":2,"achievement.killCow":2,"stat.craftItem.1":1849,"tconstruct.proTinkerer":25,"stat.mineBlock.98":67,"stat.useItem.295":87,"stat.useItem.44":295,"stat.craftItem.5":1307,"stat.damageTaken":14456,"stat.mineBlock.65":38,"stat.mineBlock.67":3,"stat.useItem.54":21,"stat.killEntity.CaveSpider":3,"stat.useItem.50":382,"tconstruct.tinkerer":25,"stat.damageDealt":14259,"stat.killEntity.Cow":1,"stat.mineBlock.73":83,"stat.useItem.58":3,"stat.useItem.274":1180,"stat.craftItem.261":1,"stat.useItem.273":929,"stat.craftItem.263":100,"stat.mineBlock.48":12,"stat.useItem.275":237,"stat.walkOneCm":4776537,"stat.craftItem.265":90,"stat.craftItem.266":9,"stat.animalsBred":11,"stat.blockChiseled":3419,"stat.mineBlock.44":18,"stat.mineBlock.58":3,"stat.craftItem.257":1,"stat.mineBlock.50":31,"stat.craftItem.126":12,"stat.mineBlock.54":11,"stat.useItem.291":147,"stat.mineBlock.56":14,"stat.killEntity.Skeleton":14,"stat.useItem.257":246,"stat.killEntity.Chicken":6,"stat.craftItem.280":764,"stat.craftItem.281":4,"stat.killEntity.Spider":4,"stat.mobKills":67,"stat.mineBlock.21":8,"stat.craftItem.272":1,"stat.craftItem.393":93,"stat.craftItem.273":7,"stat.craftItem.274":9,"stat.useItem.6":22,"stat.mineBlock.38":1,"stat.mineBlock.37":25,"stat.craftItem.275":2,"stat.mineBlock.39":3,"stat.useItem.269":67,"stat.craftItem.278":1,"stat.useItem.4":253,"stat.craftItem.390":1,"stat.useItem.5":4,"stat.craftItem.270":1,"stat.useItem.3":2004,"stat.craftItem.269":3,"stat.useItem.17":161,"stat.useItem.270":13,"stat.useItem.391":5,"stat.mineBlock.31":531,"draconicevolution.dust":2,"stat.useItem.272":117,"stat.useItem.271":51,"stat.useItem.392":170}