{"stat.useItem.61":2,"stat.craftItem.61":2,"stat.mineBlock.82":74,"stat.mineBlock.13":194,"stat.mineBlock.16":133,"stat.mineBlock.15":38,"stat.mineBlock.18":181,"stat.mineBlock.17":200,"stat.jump":917,"stat.swimOneCm":24944,"stat.fallOneCm":17639,"achievement.buildWorkBench":2,"achievement.killCow":1,"stat.craftItem.1":127,"achievement.ae2.ChargedQuartz":2,"achievement.exploreAllBiomes":{"value":0,"progress":["Magical Forest","Roofed Forest","River"]},"stat.mineBlock.12":120,"stat.useItem.44":168,"tconstruct.smelteryMaker":18,"stat.craftItem.366":3,"stat.craftItem.5":104,"stat.damageTaken":2230,"stat.mineBlock.4":1,"stat.mineBlock.3":652,"stat.mineBlock.1":588,"achievement.botania:flowerPickup":1,"stat.craftItem.82":44,"stat.useItem.54":10,"stat.killEntity.CaveSpider":3,"stat.flyOneCm":30034,"stat.useItem.50":64,"achievement.buildPickaxe":20,"stat.killEntity.Witch":1,"stat.damageDealt":5195,"achievement.buildBetterPickaxe":18,"stat.killEntity.Cow":1,"stat.useItem.58":3,"stat.useItem.274":1003,"stat.craftItem.261":1,"stat.useItem.273":784,"stat.craftItem.263":100,"stat.mineBlock.48":11,"stat.useItem.275":237,"stat.walkOneCm":658693,"stat.craftItem.20":13,"stat.mineBlock.44":10,"stat.mineBlock.58":3,"tconstruct.beginner":2,"achievement.buildSword":1,"achievement.mineWood":144,"stat.mineBlock.50":3,"stat.craftItem.126":6,"stat.mineBlock.54":8,"stat.killEntity.Skeleton":7,"stat.breakItem.271":1,"stat.breakItem.274":7,"achievement.openInventory":46,"stat.breakItem.273":5,"stat.breakItem.275":1,"stat.killEntity.Chicken":6,"stat.craftItem.280":160,"stat.craftItem.44":162,"stat.mobKills":27,"achievement.killEnemy":15,"stat.craftItem.272":1,"stat.craftItem.273":7,"achievement.buildFurnace":4,"stat.craftItem.58":1,"stat.craftItem.274":9,"stat.mineBlock.37":8,"stat.craftItem.275":2,"stat.deaths":1,"stat.drop":50,"stat.mineBlock.39":1,"stat.useItem.269":61,"stat.playOneMinute":167149,"stat.craftItem.50":148,"stat.killEntity.Sheep":1,"stat.useItem.4":10,"stat.craftItem.270":1,"stat.breakItem.269":1,"stat.craftItem.54":4,"stat.useItem.3":134,"stat.killEntity.Zombie":6,"stat.craftItem.269":1,"stat.useItem.17":2,"stat.useItem.270":13,"stat.mineBlock.31":122,"stat.diveOneCm":36064,"stat.useItem.272":66,"stat.useItem.271":51}