{"stat.useItem.274":709,"ic2.mineOre":1,"stat.useItem.273":28,"stat.mineBlock.48":14,"stat.useItem.275":3,"stat.walkOneCm":352459,"stat.craftItem.265":14,"stat.useItem.355":1,"stat.useItem.61":8,"stat.craftItem.267":1,"stat.craftItem.300":1,"stat.craftItem.61":8,"ic2.acquireRefinedIron":11,"stat.mineBlock.44":1,"stat.mineBlock.58":3,"stat.mineBlock.13":1,"stat.mineBlock.16":149,"stat.mineBlock.15":56,"stat.mineBlock.18":23,"stat.mineBlock.17":69,"stat.swimOneCm":4979,"stat.jump":663,"stat.craftItem.257":1,"stat.fallOneCm":8201,"stat.entityKilledBy.Skeleton":1,"achievement.buildWorkBench":1,"achievement.buildSword":1,"achievement.mineWood":55,"achievement.ae2.ChargedQuartz":1,"stat.mineBlock.50":20,"stat.craftItem.325":3,"achievement.exploreAllBiomes":{"value":0,"progress":["Magical Forest","Roofed Forest","River"]},"stat.killEntity.Skeleton":1,"stat.craftItem.364":11,"stat.breakItem.271":1,"stat.useItem.257":185,"stat.breakItem.274":5,"achievement.openInventory":36,"stat.craftItem.5":296,"stat.craftItem.280":144,"stat.damageTaken":2860,"stat.killEntity.Spider":1,"stat.mineBlock.5":1,"stat.mineBlock.3":63,"stat.mineBlock.1":279,"stat.mobKills":21,"achievement.killEnemy":7,"stat.craftItem.272":1,"stat.killEntity.CaveSpider":1,"stat.craftItem.273":1,"achievement.buildFurnace":15,"stat.useItem.54":2,"stat.craftItem.58":1,"stat.craftItem.274":6,"stat.flyOneCm":6100,"stat.craftItem.275":1,"stat.mineBlock.37":1,"stat.deaths":2,"achievement.acquireIron":12,"stat.useItem.267":25,"stat.drop":43,"stat.useItem.50":22,"achievement.buildPickaxe":8,"stat.craftItem.355":1,"stat.playOneMinute":109704,"stat.killEntity.Witch":1,"stat.entityKilledBy.Zombie":1,"stat.craftItem.50":48,"stat.killEntity.Sheep":3,"stat.useItem.4":16,"stat.useItem.5":1,"stat.craftItem.54":2,"stat.craftItem.271":1,"stat.damageDealt":4225,"achievement.buildBetterPickaxe":8,"stat.killEntity.Zombie":6,"stat.killEntity.Cow":5,"stat.mineBlock.73":4,"stat.mineBlock.31":20,"stat.diveOneCm":1101,"stat.useItem.58":3,"stat.useItem.272":47,"stat.useItem.271":60}