{"stat.useItem.351":2,"stat.craftItem.102":16,"stat.craftItem.61":2,"stat.craftItem.67":208,"stat.craftItem.65":81,"stat.mineBlock.14":32,"stat.mineBlock.13":253,"stat.mineBlock.16":327,"stat.mineBlock.15":158,"stat.mineBlock.18":182,"stat.mineBlock.17":245,"stat.swimOneCm":35859,"tconstruct.pattern":14,"stat.climbOneCm":103526,"achievement.buildWorkBench":8,"achievement.ae2.ChargedQuartz":2,"achievement.exploreAllBiomes":{"value":0,"progress":["Magical Forest","Roofed Forest","River"]},"stat.mineBlock.12":120,"tconstruct.smelteryMaker":28,"stat.craftItem.366":3,"stat.mineBlock.4":54,"stat.mineBlock.3":1153,"stat.mineBlock.1":3922,"achievement.botania:flowerPickup":3,"stat.craftItem.82":44,"stat.flyOneCm":62566,"stat.craftItem.351":3,"achievement.buildPickaxe":28,"stat.killEntity.Witch":1,"stat.craftItem.98":64,"achievement.buildBetterPickaxe":26,"ic2.mineOre":8,"stat.breakItem.291":1,"stat.craftItem.20":13,"stat.killEntity.Creeper":4,"tconstruct.beginner":3,"stat.useItem.323":4,"stat.entityKilledBy.Skeleton":1,"achievement.buildSword":1,"achievement.mineWood":281,"stat.breakItem.271":1,"stat.craftItem.323":6,"stat.breakItem.274":9,"achievement.openInventory":233,"stat.breakItem.273":6,"stat.breakItem.275":1,"stat.craftItem.44":276,"achievement.killEnemy":33,"achievement.buildFurnace":4,"stat.useItem.98":11,"stat.craftItem.58":4,"stat.deaths":8,"stat.drop":379,"stat.playOneMinute":804682,"stat.craftItem.50":276,"stat.killEntity.Sheep":1,"stat.breakItem.269":1,"stat.craftItem.54":13,"stat.killEntity.Zombie":15,"stat.diveOneCm":37428,"stat.useItem.65":43,"stat.useItem.67":17,"stat.useItem.61":2,"achievement.buildHoe":4,"stat.breakItem.257":1,"stat.killEntity.Slime":1,"stat.mineBlock.82":74,"stat.jump":2679,"stat.fallOneCm":58729,"stat.craftItem.291":2,"achievement.killCow":1,"stat.craftItem.1":1275,"tconstruct.proTinkerer":22,"stat.useItem.295":30,"stat.useItem.44":291,"stat.craftItem.5":1163,"stat.damageTaken":9036,"stat.mineBlock.67":3,"stat.useItem.54":20,"stat.killEntity.CaveSpider":3,"stat.useItem.50":273,"tconstruct.tinkerer":22,"stat.damageDealt":9005,"stat.killEntity.Cow":1,"stat.mineBlock.73":83,"stat.useItem.58":3,"stat.useItem.274":1180,"stat.craftItem.261":1,"stat.useItem.273":929,"stat.craftItem.263":100,"stat.mineBlock.48":12,"stat.useItem.275":237,"stat.walkOneCm":2674415,"stat.craftItem.265":36,"stat.blockChiseled":2591,"stat.mineBlock.44":14,"stat.mineBlock.58":3,"stat.craftItem.257":1,"stat.mineBlock.50":15,"stat.craftItem.126":12,"stat.mineBlock.54":11,"stat.useItem.291":147,"stat.mineBlock.56":14,"stat.killEntity.Skeleton":9,"stat.useItem.257":246,"stat.killEntity.Chicken":6,"stat.craftItem.280":480,"stat.craftItem.281":4,"stat.killEntity.Spider":2,"stat.mobKills":45,"stat.mineBlock.21":8,"stat.craftItem.272":1,"stat.craftItem.393":20,"stat.craftItem.273":7,"stat.craftItem.274":9,"stat.mineBlock.37":23,"stat.craftItem.275":2,"stat.mineBlock.39":3,"stat.useItem.269":67,"stat.craftItem.278":1,"stat.useItem.4":230,"stat.craftItem.270":1,"stat.useItem.3":842,"stat.craftItem.269":3,"stat.useItem.17":124,"stat.useItem.270":13,"stat.useItem.391":5,"stat.mineBlock.31":405,"stat.useItem.272":117,"stat.useItem.271":51,"stat.useItem.392":122}