{"stat.craftItem.340":1,"stat.useItem.355":1,"stat.craftItem.102":128,"stat.useItem.116":1,"stat.craftItem.61":8,"stat.craftItem.67":240,"stat.leaveGame":2,"stat.craftItem.339":3,"stat.mineBlock.14":11,"stat.mineBlock.13":90,"stat.mineBlock.16":246,"stat.mineBlock.15":124,"stat.mineBlock.18":48,"stat.craftItem.331":18,"stat.mineBlock.17":1902,"stat.swimOneCm":27682,"tconstruct.pattern":6,"stat.climbOneCm":42586,"achievement.buildWorkBench":5,"achievement.ae2.ChargedQuartz":2,"stat.craftItem.324":1,"stat.craftItem.325":9,"achievement.exploreAllBiomes":{"value":0,"progress":["Boneyard","Magical Forest","Roofed Forest","Undergarden","River","Phantasmagoric Inferno"]},"stat.mineBlock.12":173,"tconstruct.smelteryMaker":23,"stat.craftItem.364":17,"stat.mineBlock.4":44,"stat.mineBlock.5":1,"achievement.diamonds":10,"stat.mineBlock.3":194,"stat.mineBlock.1":4044,"achievement.botania:flowerPickup":2,"stat.craftItem.116":1,"stat.flyOneCm":21809,"stat.useItem.102":108,"achievement.buildPickaxe":8,"stat.craftItem.355":2,"stat.killEntity.Witch":1,"achievement.buildBetterPickaxe":8,"ic2.mineOre":12,"stat.craftItem.300":1,"stat.craftItem.20":42,"ic2.acquireRefinedIron":11,"tconstruct.beginner":14,"stat.useItem.324":2,"stat.entityKilledBy.Skeleton":1,"achievement.buildSword":1,"achievement.mineWood":632,"stat.killEntity.Squid":1,"stat.useItem.87":490,"stat.breakItem.271":1,"stat.breakItem.274":6,"achievement.openInventory":470,"stat.craftItem.42":1,"stat.breakItem.273":1,"stat.craftItem.44":72,"stat.mineBlock.153":154,"achievement.killEnemy":15,"achievement.buildFurnace":15,"stat.craftItem.58":4,"stat.deaths":2,"stat.drop":209,"stat.playOneMinute":736854,"stat.craftItem.50":148,"stat.killEntity.Sheep":7,"stat.craftItem.54":43,"stat.killEntity.Zombie":7,"stat.craftItem.306":1,"stat.diveOneCm":11373,"stat.craftItem.308":1,"stat.useItem.65":4,"stat.useItem.67":225,"stat.useItem.61":8,"stat.breakItem.257":1,"stat.killEntity.Slime":1,"stat.mineBlock.87":2071,"stat.jump":2561,"stat.fallOneCm":31966,"achievement.killCow":2,"stat.craftItem.1":214,"tconstruct.proTinkerer":67,"stat.useItem.44":99,"stat.craftItem.5":1560,"stat.damageTaken":6853,"stat.mineBlock.65":3,"stat.mineBlock.67":3,"stat.useItem.49":22,"stat.killEntity.CaveSpider":1,"stat.useItem.54":11,"stat.useItem.50":145,"tconstruct.tinkerer":78,"stat.entityKilledBy.Zombie":1,"stat.damageDealt":6696,"stat.killEntity.Cow":7,"stat.mineBlock.73":51,"stat.useItem.58":4,"stat.useItem.274":800,"stat.craftItem.261":1,"stat.useItem.273":132,"stat.craftItem.262":16,"stat.useItem.275":3,"stat.mineBlock.48":215,"stat.craftItem.265":59,"stat.walkOneCm":2379878,"stat.craftItem.267":1,"stat.playerKills":1,"stat.blockChiseled":1141,"achievement.enchantments":2,"stat.craftItem.259":1,"stat.mineBlock.44":64,"stat.mineBlock.58":4,"stat.craftItem.257":1,"stat.mineBlock.102":1,"stat.mineBlock.50":45,"stat.craftItem.126":132,"stat.mineBlock.54":2,"stat.mineBlock.56":12,"stat.killEntity.Skeleton":2,"stat.useItem.257":262,"achievement.portal":11,"stat.useItem.259":7,"stat.killEntity.Chicken":1,"stat.craftItem.280":148,"stat.killEntity.Spider":4,"stat.mobKills":37,"stat.mineBlock.21":7,"stat.craftItem.272":1,"stat.craftItem.393":3,"stat.craftItem.273":1,"stat.craftItem.152":70,"stat.craftItem.274":6,"stat.craftItem.275":1,"stat.mineBlock.37":1,"stat.useItem.12":6,"achievement.acquireIron":12,"stat.useItem.267":114,"stat.craftItem.155":34,"stat.useItem.4":226,"stat.useItem.5":1,"stat.craftItem.271":1,"stat.useItem.3":15,"stat.useItem.17":272,"stat.mineBlock.31":45,"stat.useItem.272":47,"stat.useItem.271":60}